Title,Thumbnail,Channel
Daughter Finds Mother's Decapitated Body In Backyard,https://i.ytimg.com/vi/aqf8SV6StI8/sddefault.jpg,Dr.Insanity
Cops Save Hostages From Killer's House Of Horrors,https://i.ytimg.com/vi/Iq08Ov6uiS0/maxresdefault.jpg,Dr.Insanity
Secret Killer Leads Cops Into His Murder Shed,https://i.ytimg.com/vi/UM0boZObTqk/maxresdefault.jpg,Dr.Insanity
Parents Discover Their Daughter Is A Mаss Killer,https://i.ytimg.com/vi/zGLUqrUMWK0/maxresdefault.jpg,Dr.Insanity
How Cops Captured The Minnesota Mass Shooter,https://i.ytimg.com/vi/r4u05GGp3Yo/maxresdefault.jpg,Dr.Insanity
Drunk Son Realizes He Just Killed His Own Mother,https://i.ytimg.com/vi/YLXmWmD93UQ/maxresdefault.jpg,Dr.Insanity
Police Discover Car Filled With Serial Killer's Bodies,https://i.ytimg.com/vi/mefsXP4FI6s/maxresdefault.jpg,Dr.Insanity
Dad Discovers Daughter's Body Was Found In His Garbage Can,https://i.ytimg.com/vi/7B4XHuNMUyY/maxresdefault.jpg,Dr.Insanity
Police Discover A Killer’s Hidden Torture Forest,https://i.ytimg.com/vi/IQZZidE8pdE/maxresdefault.jpg,Dr.Insanity
Killer Wife Realizes Police Found Her Husband's Body,https://i.ytimg.com/vi/Yg7XL-B9wMU/maxresdefault.jpg,Dr.Insanity
Killer Girlfriend Realizes Everything Was Filmed,https://i.ytimg.com/vi/nqBgCvvcgzQ/maxresdefault.jpg,Dr.Insanity
Moments After Finding Her Roommates Brutally Executed,https://i.ytimg.com/vi/HTXkfnLH04A/maxresdefault.jpg,Dr.Insanity
"Student Kills Her Teacher, Thinks She Can Get Away With It",https://i.ytimg.com/vi/gFL1WMMGUiU/maxresdefault.jpg,Dr.Insanity
Parents Discover Their Son Is A Wanted Killer,https://i.ytimg.com/vi/hcehrylhJoI/maxresdefault.jpg,Dr.Insanity
Girl Discovers Her Grandpa Is A Wanted Killer,https://i.ytimg.com/vi/wQ9oT0Ylvx0/maxresdefault.jpg,Dr.Insanity
"Wife Poisons Husband To Receive $37,000,000 Inheritance",https://i.ytimg.com/vi/0xYJMC9mlqY/maxresdefault.jpg,Dr.Insanity
Parents Realize They Accidentally Killed Their Daughter,https://i.ytimg.com/vi/bAd13QLcY2Y/maxresdefault.jpg,Dr.Insanity
4 Yеar Oӏd Exposes His Family's Horrifying Secret,https://i.ytimg.com/vi/daUO3tbs2Gk/maxresdefault.jpg,Dr.Insanity
Spoiled Teen Thinks She Can Get Away With Murder,https://i.ytimg.com/vi/aR_f7YPKNoM/maxresdefault.jpg,Dr.Insanity
Police Hunt Down Man After He Killed His Entire Family,https://i.ytimg.com/vi/TD94Q6S7itw/maxresdefault.jpg,Dr.Insanity
Teen Killer Forced To Tell Mom About His Crimes,https://i.ytimg.com/vi/EoUEFWnU1AE/maxresdefault.jpg,Dr.Insanity
Killer Couple Realizes Cops Found Their Murder House,https://i.ytimg.com/vi/ppBajdOW9DU/maxresdefault.jpg,Dr.Insanity
Man Terrified After Learning Roommates Evil Secret,https://i.ytimg.com/vi/7k5mgztNzrQ/maxresdefault.jpg,Dr.Insanity
College Killer Thinks He's Getting Away With It,https://i.ytimg.com/vi/vzGJuS8S-Kk/maxresdefault.jpg,Dr.Insanity
Police Discover A Mass Killer's Secret Hideout,https://i.ytimg.com/vi/hvxuXT2uDrI/maxresdefault.jpg,Dr.Insanity
Moment After Psychopath Son Brutally Executes His Mom,https://i.ytimg.com/vi/u4OwISGOvwI/maxresdefault.jpg,Mysterious 7
CCTV Captures Missing Student's Last Moments - What Police Find Next Is Terrifying,https://i.ytimg.com/vi/pEa2Ne6PDbY/maxresdefault.jpg,Mysterious 7
Father Finds Entire Family Brutally Executed,https://i.ytimg.com/vi/CrqJkJ_6MTg/maxresdefault.jpg,Mysterious 7
Mom Discovers Maniac Chopped Her Daughter’s Head apart,https://i.ytimg.com/vi/ygOw4in0ARE/maxresdefault.jpg,Mysterious 7
Mom Discovers Horrifying Secret Behind Daughter's Disappearance,https://i.ytimg.com/vi/2g9N9nwz8s4/maxresdefault.jpg,Mysterious 7
When Killer Warns About His Next Target On Live Stream,https://i.ytimg.com/vi/5H19xLSV44s/maxresdefault.jpg,Mysterious 7
Cops Realize Shoplifter is Actually the Wanted Killer,https://i.ytimg.com/vi/KzKEj_KiT9w/maxresdefault.jpg,Mysterious 7
Cops Realize Killer Is The One They Least Expected,https://i.ytimg.com/vi/2A1-g0aaqsM/maxresdefault.jpg,Mysterious 7
Landlord Discovers Horrific Secret Behind Closed Doors,https://i.ytimg.com/vi/CsdtnWC0OhE/maxresdefault.jpg,Mysterious 7
Cops Make The Most Horrifying Discovery Of Their Lives,https://i.ytimg.com/vi/CTyUMIWEDZw/maxresdefault.jpg,Mysterious 7
"Cops Unlock Friend's Phone, Uncover His Disgusting Secret",https://i.ytimg.com/vi/vySf5RRW9WU/maxresdefault.jpg,Mysterious 7
"Cops Unlock Predator's Phone, Uncover Disturbing Secret",https://i.ytimg.com/vi/_Urw9pAkpRQ/maxresdefault.jpg,Mysterious 7
Daughter Escapes After Maniac Kills Her Entire Family,https://i.ytimg.com/vi/Tl6ZQWx5xfY/maxresdefault.jpg,Mysterious 7
The Most Disturbing Scene Cops Ever Walked Into,https://i.ytimg.com/vi/H7nKnyxLbTY/maxresdefault.jpg,Mysterious 7
Mother’s Worst Nightmare Comes True in Her Own Home,https://i.ytimg.com/vi/VioLP4NP9uQ/maxresdefault.jpg,Mysterious 7
When Cops Make Worst Mistake Of Their Life,https://i.ytimg.com/vi/BufMV3wgiqw/maxresdefault.jpg,Mysterious 7
Cops Discover Entire Murder Caught On Camera,https://i.ytimg.com/vi/StxELE7jBFs/maxresdefault.jpg,Mysterious 7
Cops Rescue Kid From Insane Dad Just In Time,https://i.ytimg.com/vi/NdLPCXONL78/maxresdefault.jpg,Mysterious 7
When Entire Murder Was Caught On Camera,https://i.ytimg.com/vi/dRqwJFEp99Y/maxresdefault.jpg,Mysterious 7
Detective Discovers Evil Mom's House Of Horror,https://i.ytimg.com/vi/gSaeACDU7uQ/maxresdefault.jpg,Mysterious 7
When The Killer Thinks He Planned The Perfect Murder,https://i.ytimg.com/vi/-qkI6NbKkvA/maxresdefault.jpg,Mysterious 7
Killer Woman Shoots Husband During 911 call,https://i.ytimg.com/vi/sYedU21dwoo/maxresdefault.jpg,Mysterious 7
Cop Hunt For The Killer Takes a Twisted Turn,https://i.ytimg.com/vi/B6pYM0DvM-g/maxresdefault.jpg,Mysterious 7
Family Makes The Worst Discovery Of Their Life,https://i.ytimg.com/vi/dZRObZfZKlA/maxresdefault.jpg,Mysterious 7
When Cops Walk Into Killer's House Of Horror (*MATURE AUDIENCES ONLY*),https://i.ytimg.com/vi/npSMldrXz0k/maxresdefault.jpg,Mysterious 7
Moments After Finding Her Husband Brutally Executed,https://i.ytimg.com/vi/TEUUEAqnYYI/maxresdefault.jpg,M7CS
Cops Left Stunned After 4 Year Old Exposes Father's Killer,https://i.ytimg.com/vi/8BXSFs7RPnI/maxresdefault.jpg,M7CS
Husband Horrified After Wife's Body Found Inside A Trailer,https://i.ytimg.com/vi/VW6We-OrN2I/maxresdefault.jpg,M7CS
Muffled Screams Lead Roommate To Horrifying Discovery,https://i.ytimg.com/vi/LtVTE4v5IfQ/maxresdefault.jpg,M7CS
Husband's 911 Call Leads To Horrifying Discovery In Bathtub,https://i.ytimg.com/vi/f4QFfIBsIwU/maxresdefault.jpg,M7CS
Mother Wakes Up To A Horrifying Scene In The Next Room,https://i.ytimg.com/vi/yAyVvKoL9_4/maxresdefault.jpg,M7CS
6 Year Old Daughter Solves The Grandma's Horrifying Murder,https://i.ytimg.com/vi/8EC_46QR5rY/maxresdefault.jpg,M7CS
Women Captures Her Own Final Moments on Video,https://i.ytimg.com/vi/7pQ_p40vkz8/maxresdefault.jpg,M7CS
12 Year Old Daughter Screams In Horror After Mom Does Unthinkable,https://i.ytimg.com/vi/4yh841Jo2-k/maxresdefault.jpg,M7CS
Cops Discover Unthinkable In Garage During Welfare Check,https://i.ytimg.com/vi/nlBKBZnUR_g/maxresdefault.jpg,M7CS
Husband Opens Fire After Learning Wife's Dirty Secret,https://i.ytimg.com/vi/2iH1g8rhrKo/maxresdefault.jpg,M7CS
Man Reveals The Evil Friend's Buried Secret,https://i.ytimg.com/vi/PZuwu-3yF84/maxresdefault.jpg,M7CS
Hidden Camera Exposes Psycho Wife's Dirty Secret,https://i.ytimg.com/vi/IH6IUnNKvFY/maxresdefault.jpg,M7CS
13 Year Old Son Reveals Parents Horrifying Secret,https://i.ytimg.com/vi/2l7WiQKDgPw/maxresdefault.jpg,M7CS
Daughter Learns Horrifying Secret Of Mom's Disappearance,https://i.ytimg.com/vi/XBzwbIhGuuw/maxresdefault.jpg,M7CS
Maniac Tries To Escape After Brutally Killing Her Wife,https://i.ytimg.com/vi/9EYLY6SFaks/maxresdefault.jpg,M7CS
Mom Discovers Her Psycho Son Brutally Executed Dad,https://i.ytimg.com/vi/KCsk3XTViOc/maxresdefault.jpg,M7CS
Killer Flees Cops After Dumping His Girlfriend’s Body,https://i.ytimg.com/vi/8dwvSEpmbeo/maxresdefault.jpg,M7CS
When A Routine Welfare Check Ends Horrifically,https://i.ytimg.com/vi/2q0T7xxySQM/maxresdefault.jpg,M7CS
Cops Realize Killer Is The One They Least Expected,https://i.ytimg.com/vi/P7MEt9pv5cM/maxresdefault.jpg,M7CS
Hidden Camera Exposes Psycho Wife's Deadly Secret,https://i.ytimg.com/vi/jg0iCS_bMSM/maxresdefault.jpg,M7CS
Moment Woman Discovers Her Sister Is Brutally Executed,https://i.ytimg.com/vi/gJ8fiR1PuPU/maxresdefault.jpg,M7CS
Killers Don't Realize Their Evil Secret Was Recorded,https://i.ytimg.com/vi/RnFRv-EJxZ0/maxresdefault.jpg,M7CS
911 Call For Help Leads To Horrifying Discovery,https://i.ytimg.com/vi/pas4sTNpToE/maxresdefault.jpg,M7CS
Mom Horrified After Learning Her Sons Are Psychopath Killers,https://i.ytimg.com/vi/7tA_WTZ3jdQ/maxresdefault.jpg,M7CS
Cops Discover Truck Full of Dead Bodies,https://i.ytimg.com/vi/jbCwSShlMHs/maxresdefault.jpg,EWU
Dad Discovers His Wife's Sick Secret,https://i.ytimg.com/vi/C7n1QhP0Lqg/maxresdefault.jpg,EWU
Woman Realizes Online Boyfriend Murdered Husband,https://i.ytimg.com/vi/q5kITpYMwUE/maxresdefault.jpg,EWU
When a Predator Dad Realizes He's Been Caught,https://i.ytimg.com/vi/lkAEZnAnAyw/maxresdefault.jpg,EWU
Cops Discover Bodies in Woman's Trunk During Traffic Stop,https://i.ytimg.com/vi/7xboEsXt_a0/maxresdefault.jpg,EWU
Cops Discover Predator Dad's RV of Horrors,https://i.ytimg.com/vi/rL9jt9zEhAc/maxresdefault.jpg,EWU
Serial Killer Vlogs His Murder Spree,https://i.ytimg.com/vi/V4pEJXHvSjo/maxresdefault.jpg,EWU
"Cops Unlock Mom's Phone, Uncover Her Disgusting Secret",https://i.ytimg.com/vi/MgITC-rOAVs/maxresdefault.jpg,EWU
Evil Family Realizes Cops Found Their Torture Chamber,https://i.ytimg.com/vi/4RHnUo656aw/maxresdefault.jpg,EWU
Cops Discover Entire Murder Caught on Camera,https://i.ytimg.com/vi/4L2YdGs9VpM/maxresdefault.jpg,EWU
Mom Realizes Her Son is a Child Predator,https://i.ytimg.com/vi/O3paxcxgEp0/maxresdefault.jpg,EWU
Cops Make the Worst Discovery of Their Lives,https://i.ytimg.com/vi/qlu0KU-YERg/maxresdefault.jpg,EWU
Cops Discover Woman's Horrifying Secret,https://i.ytimg.com/vi/rjZL8AZkWVw/maxresdefault.jpg,EWU
Cops Make Horrific Discovery in Woman's Soup Pot,https://i.ytimg.com/vi/PgkpYM267vs/maxresdefault.jpg,EWU
"Cops Unlock Predator’s Phone, Find Horrifying Videos of Missing Girl",https://i.ytimg.com/vi/Fr48Wnw0uew/maxresdefault.jpg,EWU
Teen Mass Shooter Realizes He's Been Captured,https://i.ytimg.com/vi/bMBIdrV-Ii4/maxresdefault.jpg,EWU
Boy Escapes From YouTuber's House of Horrors,https://i.ytimg.com/vi/XsW8fgvhEPc/maxresdefault.jpg,EWU
Wife Realizes Her Husband is a Child Predator,https://i.ytimg.com/vi/twVmbAmWpwQ/maxresdefault.jpg,EWU
When a Routine Welfare Check Ends Horrifically,https://i.ytimg.com/vi/9oX7gTs8Dlk/maxresdefault.jpg,EWU
Man Secretly Records Moments Leading Up to Killing,https://i.ytimg.com/vi/AwU68fmHJII/maxresdefault.jpg,EWU
Mom Horrified After 12 Year Old Son's Confession,https://i.ytimg.com/vi/QDPRuz1qPhY/maxresdefault.jpg,EWU
Grandma Snaps & Shoots Baby in the Head,https://i.ytimg.com/vi/TzG53F4XrMY/maxresdefault.jpg,EWU
Footage Shows Teen Luring 10 Year Old to Her Death,https://i.ytimg.com/vi/x50PTiabWqU/maxresdefault.jpg,EWU
Killer Realizes He's Been Caught 30 Years Later,https://i.ytimg.com/vi/5xN0DpXVtmE/maxresdefault.jpg,EWU
Dad Realizes Cops Discovered His Horrifying Secret,https://i.ytimg.com/vi/-lS5jfJSqr8/maxresdefault.jpg,EWU
